{"cameraMode":{"drawMode":0,"name":"Shaded","section":"Shading Mode"},"sceneLighting":true,"audioPlay":false,"sceneViewState":{"showFog":true,"showMaterialUpdate":true,"showSkybox":true,"showFlares":true,"showImageEffects":true,"showParticleSystems":true},"in2DMode":false,"pivot":{"x":-0.07074817270040512,"y":-1.4713436365127564,"z":-3.18363094329834},"rotation":{"x":-0.00015996306319721043,"y":0.9910598397254944,"z":-0.13341060280799867,"w":-0.0011883322149515153},"size":6.381707668304443,"orthographic":false}